aspect,subaspect
baterai,mah
baterai,kapasitas
baterai,daya
baterai,charge
baterai,charger
baterai,baterai
baterai,baterainya
baterai,cas
baterai,casnya
baterai,chargeran
baterai,chargerannya
baterai,chargernya
baterai,casan
general,warna
general,layar
general,ukuran
general,speaker
general,desain
general,case
general,casing
general,pemindai
general,warnanya
general,layarnya
general,ukurannya
general,audio
general,desainnya
general,desainya
harga,harga
harga,harganya
kamera,foto
kamera,gambar
kamera,video
kamera,resolusi
kamera,kamera
kamera,kameranya
kamera,fotonya
kamera,gambarnya
kamera,videonya
kamera,resolusinya
kamera,mp
kamera,pixel
spesifikasi,ios
spesifikasi,sistem operasi
spesifikasi,ram
spesifikasi,cpu
spesifikasi,memori
spesifikasi,sistem
harga,biaya