Tweet;label
Min, normal ke kalau iPhone 11/11 Pro /Pro Max baru pakai beberapa bulan battery capacity dah drop to 96%?;baterai negatif
Kmera iphone 11 mmeng beda;kamera positif
Iphone 11 pro max kamera depannya jelek ye? Gua liat liat para usernya kalo pada selfie harus foto didepan cermin pake kamera belakang soalnya;kamera negatif
Apple meluncurkan iPhone 11 dengan peningkatan daya tahan baterai yang lebih besar, sayangnya itu tak berlaku untuk pembaruan software Apple.  https://inet.detik.com/consumer/d-5085002/pengguna-iphone-protes-baterai-boros-saat-update-ios-1351?utm_term=echoboxauto&utm_campaign=detikcomsocmed&utm_medium=oa&utm_content=detikinet&utm_source=Twitter#Echobox=1594197912Ã‚Â Ã¢â‚¬Â¦;baterai positif
xs max, senderrr. tapi rugi sih kalo kamu beli xs max baru sekarang.. i mean langsung ke iphone 11 juga gapapa sebenernya secara speknya lebih bagus terussss harganya gak jauh beda.;spesifikasi  positif
Saya juga dulu confuse nak pilih iphone 11 or iphone xs. Dah review all spec keduanya. Tp sbb kurang minat dengan bentuk kamera iphone 11 akhirnya saya memilih iphone xsÃ°Å¸ËœÂ¹ (juga disebabkan crush saya memakai iphone xs max, konon nak matching ekekekeke)  https://twitter.com/XavierNaxa/status/1270713421353242627Ã‚Â Ã¢â‚¬Â¦;kamera negatif
Hasil kamera xiaomi note 10 bisa di adulah sama iphone 11 promax Ã°Å¸ËœÂÃ°Å¸Â¤Â©, sejauh yang pernah sya gunakan ini better sih darpda iphone 11 promax  pic.twitter.com/F05lktSe5w;kamera negatif
Kalo sender lebih mentingin ketajaman layar mending Xs Max, tapi kalo buat keseluruhan ya iPhone 11 atuh, ultra wide angle nya cakep banget, chipsetnya juga terbaru.;baterai positif, spesifikasi positif
Cantik babi purple iphone 11 ni sialla apahal aku tk kayaaaaaa.;general positif
Persahabatan memang lebih indah kalau diabadikan dengan kamera belakang iPhone 11 Pro Max.;kamera positif
Iphone 11 pun menarik;general positif
Tidak murah sbb iphone 12 skrin sama besar dgn iphone 11 pro. Harga iphone 12 x wajar compared dgn iphone 11. Conclusionnya, mahal.  https://twitter.com/xaviernaxa/status/1280661321323700225Ã‚Â Ã¢â‚¬Â¦;harga negatif
"ya Allah iphone 11 warna ungu lucuu Ã°Å¸ËœÂ 
beliin ya Allah";general positif
tahun kemarin pas iphone 11 rilis, mata langsung tertuju sama warnanya. ada warna ungu! naksir berat dong. kapan lagi produk apple yang ngeluarin warna ungu?? alhamdulillah beberapa bulan kemudian kesampean beli. hp borahae Ã°Å¸â€œÂ±Ã°Å¸â€™Å“ #BTSARMY #2020BTSFESTA @BTS_twt pic.twitter.com/M4EIUknKvl;general positif
"selepas sebulan menggunakan Iphone 11, i can say :

1. A13 Bionic cip prosessor sangat smooth. melancarkan segala perisian dalaman

2. Kamera memang sangat cantik terutama untuk rakaman video dengan stabilization yang sangat padu dan smooth

3. bateri tahan 1 hari dan lebih";kamera positif,baterai positif,spesifikasi positif
Iphone 11 terbaik;general positif
Like bodo sia iPhone 11 battery capacity cepat gila drop. Aku geram  https://twitter.com/hzqaimannn/status/1279079353708474370Ã‚Â Ã¢â‚¬Â¦;baterai negatif
Sebenernya pengen bangeettt22222 ganti iphone 11 hanya krn ada warna mint green. Kaya gemesh gitu. Udah melipir ke ibox dan eraphone 2 apa 3 kali gitu, dan udah nanya2 hampir beli. Tapi seketika sadar, masih ada yang lain yg di prioritasin Ã°Å¸Ëœâ€¦;general positif
Saya suka iPhone11 Pro. Tapi tak mampu. Oleh itu alang2 saya tunggu iPhone12, harap2 ada rezeki. Ã°Å¸ËœÂ;general positif,harga negatif
Ha mai amik aku lu. Sebab dengan iphone 11 ni aku mampu merecord video pala dengan penuh HD;kamera positif
worth parah sihh, sayang aja gitu beli xr kameranya cuman 1 walopun hasilnya bagus banget ga muluk2. kalo mau milih tuh harusnya antara xs/xs max sama iphone 11 nah itu baru pilihan susah.;kamera positif
Quick charge tu fast charging ko? Iphone 11 ni fast charging tapi keno beli usb hok support fast charging. And guno phone sambil charge dok molek kei;baterai positif
iphone 11, karena iphone 11 lebih terbaru daripada iph xs max. and dari spek juga bagusan iph 11;spesifikasi  positif
"Emang iphone11 ini lucu2 warnanya, yg lavender juga lucuu...
Btw aku salfok sama caption nya sih Ã°Å¸Â¤Â£";general positif
Iphone 11 aja yg purple lucu bgt :(;general positif
"Kelanjutan dari ""Zan gapunya iphone..."" (buat testing app) Pngn punya iphone (11) tp boros bgt belinya mahal and then God gives me (better alternative bcs its free) in a unexpected way. Iya iya punya kantor trs bukan tipe baru tp seneng~ Makasi bosku & universe Ã°Å¸â€˜â€¹Ã°Å¸â€˜â€¹Ã°Å¸â€˜â€¹ Ã°Å¸Ëœâ€š  pic.twitter.com/1uAKqTbAwb";harga negatif
Aku suka batery iphone 11 walaupon  capasity batery nya hanya 3000mhw tapi performance nya lebih baik daripada smartfone android yang berkapasiti 3000mhw .Satu sebab saya tak suka pakai android sebab batery nya selalu baterynya down mendadak;baterai negatif
wowowoowow iphone iphone iphone 11 pro;kamera positif
aku dl samsung note 10 trs ke iphone 11, beralih ke iphone jd lbh suka krn kamera lbh jelas dan bagus sih, kl ip agak ribet di save datanya gt mnrtku. tp sukanya krn kalo update lbh jelas, andro sebagus apapun kl update ga se clear ip heu;kemera positif
"- iphone 11 pro karena kapasitas memori gede 256gb jadi bisa untuk jangka lama ... dan simple untuk casual-phone but might be weird since you were an android ke iphone...

- s20+ bts edition karena bts dan warna CASING NYA BAGUS";general positif
"Suaranya kek announcer sumpah dah. 
Btw mic iphone 11 clear banget bajingan, jadi pengen beli tapi nga ada duitnya hahaha.";general positif
iPhone 11 purple cinta bgt sama.purple bagus cantik indah bgt Ã°Å¸ËœÂ­Ã°Å¸ËœÂ­Ã°Å¸ËœÂ­;general positif
Iphone 11 sih karena lebih pas di tangan dan kameranya tuh lebih bagus. Chipsetnya juga lebih oke dr iphone xs max;kamera positif,spesifikasi positif
iPhone 11 Pro Max irit kok.;baterai positif
"Yaampuuun udah 87% aja setelah pake iphone 2 tahun.

ios 13 bangke ini siiih.

Mau ganti iphone 11 tapi takut klo gak sengaja ketuker ama adek Ã°Å¸Ëœâ€š  pic.twitter.com/5nCidwIxKT";baterai negatif,spesifikasi negatif
Leaks iPhone 12, ukurannya lebih kecil daripada iPhone 8 / SE (new) tapi kamera seri Pronya boi, GUEDE BANGET iPhone 11 Pro kameranya keliatan kecil. Ga ada power adapter sama earpod, cuma dapet kabelnya doang. Plus Apple Chip A14 is like 3-5 times better than the currrent A13;kamera negatif
Iphone 11 lh, battery dia tahan sikit;baterai positif
"Kenapa ya walaupun hampir 20juta kalo cuma android ga dihargai gitu? Kemaren waktu foto pilihan ada samsung S20 ultimate sama iphone 11 pro max, dibilang ""pake hape kamu aja kan kameranya paling cantik"" bilangin yang iphone. Padahal yang samsung kameranya bagus juga. Sedih aku tu";kamera positif
dosenku iphone 11 ganti jd samsung s20 nder, brrti iphone bosenin wkwk;general negatif
try pakai iphone 11 dulu bro, serius best camera dia huhu;kamera positif
Knp iphone 11 aku tiba2 blank dekat sejam, smpai aku terpaksa letak dlm beras sbb dia blank dan phone jd panas lepas sejam letak dlm beras phone nyala lepastu battery habis padahal sblm padam tu battery full kot..adakah ini normal??;baterai negatif,spesifikasi negatif
Iyaaa kan. Cakep banget iPhone 11 Pro & 11 Pro Max Ã°Å¸Â¤Â©;general positif
"Heran iphone11 memory cepet banget abis.. 

Kebetulan lagi hobby bikin video masak.. kadang ditengah masak memori abis.. bingung dan panik makanan bisa gagal.. 

Tapi setelah liat kualitas videonya bener2 unnecessary bagus dan alus banget.. terlalu canggih buat saya..";kamera positif,general negatif
android baterai nya tahan lama, iphone boros kcuali iphone 11;baterai positif
"@iphonefess halo sore ka, mau nanya nih. iPhone 11 Pro Max ku kemarin kehabisan baterai, terus aku charger eh jadi lama banget. Seharian cuma masuk sekitar 40%. Lambang charging nyala, n semua normal ngga panas. Kira2 apanya ka?
Tolong dibantu ya, tks Ã°Å";baterai negatif
iPhone 11. Chipsetnya kenceng, layar besar dan batterynya kuat karena resolusi displaynya rendah Ã°Å¸Ëœâ€   https://twitter.com/GamesMenfess/status/1274142447451295745Ã‚Â Ã¢â‚¬Â¦;baterai positif, spesifikasi positif,general positif
"Iphone x max bagus kameranya iphone 11 jg bagus hehehe ...
Gua selfie pake hp itu cakep.

Tp gua selfie pake hp gua ini jele Ã°Å¸Â¤Â£Ã°Å¸Â¤Â£Ã°Å¸Â¤Â£";kamera positif
iphone 11 promax kamera bgus hp bgus;kamera positif
Go for iPhone 11 and above. Samsung ni android paham2 la ahahhahah developer app selalu anak tirikan android, anak emaskan iPhone. Walaupun S20 flagship but application optimization for hardware tak seoptimum iPhone. Story ig akan tetap ada micro lag.;kamera positif,spesifikasi positif
pake iphone 11 kakak biar videonya makin cetar;kamera positif
belilah fast charging for Iphone 11 sbb 5 watt charger yang dibekalkan amatlah slow;general negatif
Kl aku pake seperlunya, buat medsos, foto, urusin online shop masih aman sih. Kualitas kamera jg bagus. Tp kl cari yg nilainya masih tinggi tahun2 ke depannya yaa iphone 11, kl ip x aja skrg 7 jt udh dapet.;kamera positif
yaallah tergoda iphone 11 warna biru. eh apase warna sebenere. pokok biru jareku;general positif
Haih cantiknya camera depan iphone 11 Ã°Å¸ËœÅ’;kamera positif
"Beli iphone 11 kemaren niat nya cuman mau beli mouse buat laptop, trus iseng nanya Ã¢â‚¬Å“ini berapa bang? Yg warna itu? Ternyata dikasih 11 pro biasa kecil ga sadar.
2hari kmudian nanya ke salesnya Ã¢â‚¬Å“kok kecil ku mau yg max brp? Ã¢â‚¬Å“Ydh ambil silver 256gb.

Riyalife tamat.";general negatif
iPhone 11 yang warna ungu cakep kali:( blm move on Ã°Å¸Â¥Âº;general positif
Bateri 3687mAh ini dijangka akan dimuatkan di dalam iPhone 12 Pro Max. Meskipun kapasiti bateri iPhone tak pernah mencapai 4000mAh, ketahanan bateri iPhone sejak siri iPhone 11 tak boleh disangkal. Bahkan mampu bersaing dgn Huawei Mate 30 Pro yg mempunyai kapasiti bateri 4500mAh.  pic.twitter.com/fPTalZPXM6;baterai positif
IPHONE 11 GUE GAK BOLEH DIPAKE MAIN RP ANJRIT.;spesifikasi negatif
iPhone 11 aja chargernya masih 5 watt  https://twitter.com/oppo/status/1282494958709039104Ã‚Â Ã¢â‚¬Â¦;general negatif
"Sejak p10 sebenernya sdh gak kekejar sama iphone, tp sejak iphone 11 pro sptnya apple sdh mulai mau ngejar sih secara kualitas foto kalau dicetak.
Jeleknya kalau skrg jalan2 jadi males bawa kamera beneran, karena kamera hpku sdh pada bisa diandalkanÃ°Å¸Â¤Â£Ã°Å¸Â¤Â£Ã°Å¸Â¤Â£Ã°Å¸ËœÂ";kamera positif
Update iOS, Pengguna iPhone Keluhkan Bikin Baterai Jebol  http://dlvr.it/RbRXhDÃ‚Â  #LatestNews #OS #apple #iOS #iphone11;baterai negatif
Charge iphone 11 lambat nya minta ampooon Ã°Å¸Ëœâ€˜;general positif
 https://terasjabar.id/plugin/article/view/105355/apple-meluncurkan-iphone-11-dengan-peningkatan-daya-tahan-baterai-keluhkan-update-ios-13-5-1-kuras-baterai-ponsel-Ã‚Â Ã¢â‚¬Â¦ Apple Meluncurkan iPhone 11 Dengan Peningkatan Daya Tahan Baterai, Keluhkan Update iOS 13.5.1 Kuras Baterai Ponsel #Apple #iPhone;baterai negatif
Iphone 11 warna mintÃ°Å¸ËœÂ­ plss mau bgt atau ga yg unguÃ°Å¸ËœÂ­Ã°Å¸ËœÂ­;general positif
Iphone 11 aja Tp soal battre bener2 jauh lebih irit ip 11. Kenaikan perfoma 20% dari XS MAX ke iphone 11;baterai positif,spesifikasi positif
Pengen iphone 11 yg warna kuning;general positif
Alasan kenapa haru beli iphone 11, yg jelas bukan karna gaya gayaan, tapi buat menunjang kerjaan. Gila sih fitur potretnya bikin nangisÃ°Å¸ËœÂ­(gambar belum di edit)  pic.twitter.com/idu6XvQVNE;kamera positif
IPHONE 11 PRO TU- MAHAL WEH-;harga negatif
Oh terus kalo iphone kameranya yang bisa selfie wide baru iphone 11, lu samsung aja biar kalo kita selfie bareng gampang WKWKWKWKWK;kamera positif
Kabarnya #Apple akan membekali #iPhone 12 dengan baterai berkapasitas yang lebih besar dari iPhone 11 Pro Max.   https://www.tagar.id/iphone-12-akan-gendong-baterai-kapasitas-besar/?source=twitterÃ‚Â Ã¢â‚¬Â¦;baterai positif
"Cinematic video by iPhone 11

Pengalaman unik pas buat video ini tidak ada persiapan, batray juga tinggal 22% Ã°Å¸Ëœâ€šÃ°Å¸Ëœâ€š tapi lumayan lah bisa nandingin miroles Ã°Å¸Ëœâ€¹Ã°Å¸Ëœâ€¹ saya tidak pernah menggunakan alat bantu stabilizer dalam membuat video ini. @makemac #ShootoniPhone pic.twitter.com/dpu1oRopEw";baterai positif
iphone 11 camera sampah haha kalau 11 pro, pro max okay. iphone bab video dia power, kalau bab gambar huawei power lagi.;kamera negatif
Multitasking smooth.. tapi screen iPhone 11 pro sekalipun saya dah uji masih tak smooth;spesifikasi positif,general negatif
Dr 2017 lalu aku pakai iphone 6s ini, skg baterainya udah ngedrop bgt, dr 100% ke 20% cuman tahan 30 menit. Liat harga iphone 11 pro yg udah mulai turun, emang inilah saatnya aku harus beli power bank.;harga positif
iphone 11 pro dipegang park haejin jadi kaya kecil bangett  pic.twitter.com/DLw5NdEgau;general negatif
iPhone 11 biar fotonya bagus *LXC*  https://twitter.com/oliviabyexxyx/status/1267809902661009411Ã‚Â Ã¢â‚¬Â¦;kamera positif
Beda market man, jelas. Iphone 11 bukan buat fanboy, ngincer user yg baru mau masuk atau naik ke touch id less tp ga mikirin kualitas bahan sih;general negatif
Ambil iphone 11. Saya baru tukar ke iphone SE dari Huawei P20. Battery agak mengecewakan tapi performance lain sangat superb.;baterai negatif
Jd pengen iphone 11. Cakep banget gambarnya;kamera positif
Tergantung kebutuhan, tp kalo buat sehari2 ya pilih iphone 11 pro max ajah.;general positif
Aku merasa hpku mulai kehilangan ketajaman kameranya. Apakah ini tandanya buat upgrade?? Ya abis beda banget bandingin sm iPhone 11 punya ponakan, bening bener dah gambarnya.;kamera positif
Iphone 11 yg ungu cute bgt astaga :');general positif
wah cantiknya camera iphone 11 Ã°Å¸â€˜ÂÃ°Å¸â€˜â€Ã°Å¸â€˜Â;kamera positif
nak iphone 11 warna hijau tuÃ°Å¸ËœÂ­Ã°Å¸ËœÂ­;general positif
"iphone 11 buat user yg ga demen gonta ganti hp tiap tahun
batre jg lebih awet iphone";baterai positif
iphone 11 megapro ini selain kameranya apanya dah yang unggul? perasaan wa migrasi dari 7 ke x ga banyak kemajuan;kamera positif
kamera iphone 11 lebih jernih daripada mataku;kamera positif
Assalam min, saya pakai Iphone 11 dan pakai latest ios. Tapi dalam sehari mesti sekali or dua kali line saya akan hilang kejap pstu muncul Ã¢â‚¬Ëœno serviceÃ¢â‚¬â„¢. Lepas 5 sec mcmtu , dia okay balik. Saya dah try semua solutions kat Apple Support, tapi x jadi. Mcm mna ye min ? @XavierNaxa;spesifikasi negatif
"Ampe ntar android jg kebagian... 

Pembedanya nanti kualitas voice record nya aja.. iPhone 11 pro dan max emang cakep hasil record nya";general positif
Multitasking smooth.. tapi screen iPhone 11 pro sekalipun saya dah uji masih tak smooth;spesifikasi positif,general negatif
Iyaaa iPhone 11 Purple & Green emang paling favorit sih. Cakep banget warnanya, kak Ã°Å¸Â¥Â°Ã°Å¸Â¤Â©;general positif
Worth it bgt ni iphone11, nonton youtube puas bgt serasa nonton d tipi. Quality gambar ama speakernya bagus bgttt Ã°Å¸Ëœâ€ Ã°Å¸Ëœâ€ Ã°Å¸Ëœâ€ ;kamera positif,general positif
Iphone 11 kameranya gaada obat;kamera positif
Baru iphone 11 keatas yg ada pake slowmo di kamera depan;kamera positif
Iphone 11 pro max ccd banget ngentot!!!!;general positif
Terus juga banyak yg blg iphone 11 itu kamera depannya kurang. Coba aja cari di youtube bnyak yg bahas.;kamera negatif
Iphone 11 udah bagus kok batrenya, atau iphone XR awet batrenya;baterai positif
Spesifikasi semuanya sih worth it sih tergantung kemampuan duit masing masing. Cuma kalau ngurusin kamera saat low-light mungkin iPhone 11 lebih baik.;kamera positif
Aku pengen iphone 11 minn biar makin cakeppp kalo mau foto produkÃ°Å¸ËœÂ­Ã°Å¸ËœÂ­Ã°Å¸ËœÂ­ #ReaquestGAShopee;kamera positif
KAMERA IPHONE 11 KEREN PARAHHH;kamera positif
WARNA BIRU BUAT SIS KELIRU Ã°Å¸Â¤Â¯ CANTIK KAN IPHONE 11 ? NAKKAN IPHONE YG HARGA MURAH N ORIGINAL ? BELI SEKARANG DI @waynegadgett . SELLER PERAMAH N BERKOMITED MEMASTIKAN IPHONE HAMPA CLEAR DARI SEBARANG VIRUSÃ¢Ââ€”Ã¢Ââ€” pic.twitter.com/evRYfyTuuM;general positif
Terbaik bro ! Apa apa pun iphone 11 mmg terbaik for midrange phone Ã°Å¸Ëœâ€”;general positif
Fitur NFC di iPhone kini bisa digunakan untuk mengecek saldo hingga melakukan top-up e-money Bank Mandiri. #iPhone11 #NFC pic.twitter.com/ZHfVdQxkms;spesifikasi positif
"Bagi memastikan rakan saya membuat pilihan yang tepat. Perkara utama yang harus difahami adalah iPhone 11 adalah model berkelas separa mercu dan iPhone XS mercu. 

Namun iPhone 11 mempunyai kelebihan dari segi cip A13 Bionic dan dilancarkan pada tahun 2019.";spesifikasi positif
"Pengen banget ganti iphone ke iphone 11 pro max

Tapi kok sayang banget duitnya yah keadaan masih kek gini..

Musti gimana yah biar bisa dapet pemasukan tambahan..?? Ada yang punya ide kah..?? Ã¢â‚¬â€ Buat bisnis  https://lap78.ask.fm/igoto/45DKECPW7B667HQMHN2IG6NM7CADDPY3R73OLBX7D7SLNZN62UYY2Z2JFREM2RZ3KK3PYEIBJQUH4DB7YEV7M2VONS5LPBQLUIORJE2YHVWSCKGPBOHXYPXKSC27R6LPZSXYKHYE3DKHNFMLBOBB6QK46PGHLYM4ZDPVJMTRQSO2OPPSIUYFB5HK5NNIJ4H3TI43KFDU4EKQ====Ã‚Â Ã¢â‚¬Â¦";harga negatif
"prefer iphone 11 sbb future proof, battery pun tahan sehari, ada 2 camera belakang, and chipset dia antara the best in the market

Ip X boleh je but banyak masalah sbb first model iphone yg fullscreen

ip xr pun ok tapi kekurangan, screen tak secantik ip 11 dan 1 camera belakang";kamera positif,spesifikasi positif
iphone 11 bagus yg purple apa yg tosca??,,plss bantu jawab Ã°Å¸ËœÆ’Ã°Å¸Ëœâ€;general positif
iphone 11 cantik2 warnanyaÃ°Å¸Â¥Âº;general positif
Iphone 11 promax, soalnya keren banget apalagi warna warnanya menly;general positif
Bjingan buka twitter di iphone 11 tapi di safarinya ya giniÃ°Å¸â„¢â€š;spesifikasi negatif
Pake hape yg bagus aja. Iphone 11 Pro ato Samsung S20+ gitu. Pake mirrorless malah ga easy to use, ahaha;general positif
"iPhone 11 dan iPhone XS juga berkemungkinan akan melalui situasi  yang sama. 

iPhone XS menggunakan spesifikasi terkini termasuklah skrin OLED serta menyokong telephoto berbanding iPhone 11 menyokong kamera lebar dan ultra lebar.";kamera positif
Saya mencadangkan kepadanya iPhone XS atas faktor tersebut walaupun saya akui iPhone 11 hadir dengan cip pemprosesan yang lebih berkuasa serta mungkin ada yang berminat kepada kamera ultra lebar.;general positif,kamera positif
Tak sama. Ip 12 akan menggunakan chip baru dan screen display OLED tidak seperti iphone 11 LED screen;spesifikasi positif,general positif
iphone11 emang cute bgt, pantes cewek-cewek pada beli.;general positif
Saranku iphone xs max ajaa.. karna iphone 11 itu cuma perbaikan dari iphon xr. Kecuali iphone 11 pro/pro max. Battery ip xs max itu mAh nya lebih besar ketimbah iphone 11. Kl secara kamera iphone 11 menang lah kamera depan. Kamera blkg sama2 12MP;kamera positif,baterai positif
Berikut merupakan kapasiti mAh bagi iPhone 11 iPhone 11 - 3,110 mAh iPhone 11 Pro - 3,046 mAh iPhone 11 Pro Max - 3,969 mAh Berdasarkan perbandingan ini, iPhone 11 mempunyai mAh lebih tinggi berbanding iPhone 12.;baterai positif
iPhone 11 kok lemot;spesifikasi negatif
And hopefully harga iphone 12 pun akan kurang sebab dia tak datang dengan charger. Also ada peluang untuk Apple turunkan lagi harga iphone sebab dia dah jimat banyak. It is possible sebab harga asal iphone 11 sendiri pun lebih murah dari iphone Xr. Sedangkan iphone 11 is better.;harga positif
Iphone 11 sih karena lebih pas di tangan dan kameranya tuh lebih bagus. Chipsetnya juga lebih oke dr iphone xs max;kamera positif,spesifikasi positif
Aku sih mending yg memory besaaar. Iphone11 udah cukup bgt koook;general positif
Dan kenapa harganya skrg mahal? Krn dollar naik jd untuk iphone 11 series harganya juga ikut naik. Gitu lho. Jgn blg mahal bgt taun kmrn seginisegini, gue februari beli jg cuma 12 jt yg 128gb di ibox Ã°Å¸Ëœâ€¹;harga positif
"Bagi saya, jelas iPhone 11 ialah pilihan yg lebih baik

iPhone XS
Kelebihan :
1. OLED

iPhone 11
Kelebihan :
1. A13 Bionic
2. Ultra Wide lens
3. Night mode, Deep Fusion
4. Bateri tahan lebih lama  https://twitter.com/XavierNaxa/status/1270713421353242627Ã‚Â Ã¢â‚¬Â¦";baterai positif
A. iphone 11 kalau dijual bisa belanja di shopee  lagi #ShopeeID #ShopeeDariRumah;harga negatif
Kalo sender lebih mentingin ketajaman layar mending Xs Max, tapi kalo buat keseluruhan ya iPhone 11 atuh, ultra wide angle nya cakep banget, chipsetnya juga terbaru.;baterai positif,spesifikasi positif
Tiba tiba rasa tak menyesal beli iphone 11  https://twitter.com/myappledotmy/status/1278259691236159491Ã‚Â Ã¢â‚¬Â¦;general positif
iphone 11 yg purple gemay bgt ga si hmÃ°Å¸Â¥Âº;general positif
Sebenernya aneh kamera iphone 11 kaya android ih smooth gt:(;kamera negatif
Iphone 11 kameranya kenapa aneh banget si;kamera positif
Berdasarkan laporan ini, saya boleh buat konklusi bahawa Apple menurunkan kapasiti mAh disebabkan mereka percaya cip A14 Bionic mampu memberikan jangka hayat yang sama seperti iPhone 11.;baterai negatif,spesifikasi positif
Iphone 11 nder , gua xr aja hasil nya udh gila bagus bgt, ambil yg 256gb, kalo andro kurang tau, kadang suka ada efek berlebih difotonya, dan di xr keatas ini efek bokeh bisa disetting diagramanya, jadi bisa seblur apa fotonya, ini berlaku buat kamera depan sm belakang;kamera positif
Lol.. Naksirrrrr banget sama ungu pastel nya iphone 11 Ã°Å¸Â¥Âº;general positif
hp iphone 11 tapi fotonya low quality semua..  pic.twitter.com/eW67jekiAR;kamera negatif
Kalo kamera bagusan xs max dripda iphone 11. Mending kalo mau 11, langsung 11 promax aja.;kamera positif
Iphone 11  pro paling murah 18jt . Bagi 5 hari so 3,6 jt . No rek nnti aku trf segitu selama 5 hari;harga positif
Kamera iphone 11 ngewiii sekali.  pic.twitter.com/4E402uaSxb;kamera positif
iPhone 11 sumpah bateri tahan macam android yg bateri 4k mAh. Tak tipu, aku pakai 11 ni sehari charge sekali je. Kalau time tak pakai on low power mode lagi lama bateri tahan.;baterai positif
iPhone barunya doang mahal. secondnya murah. coba cek deh. 6+ aja ada yg 2jt. ya klo mau yang iphone 11 emang masih tinggi :);harga negatif
Iphone 11 is better ! Battery pun tahan 2 hari au;baterai positif
Sumpah bt bgt iphone 11 tuh ngecharge lama bgt gue kl mgecharge full bs 3 jam an dan baru ngesearch di google emg gt hrs beli fast chargingnya lg yg pro dan promax udh dpt charger fast charging hhh kesel  pic.twitter.com/r3berIG4iO;general negatif
hasil gambar menggunakan kamera mode wide angle sangat cantik dan natural;kamera positif
harga Iphone X terhitung agak tinggi namun tidak akan kecewa setelah membelinya;harga negatif
sistem operasinya sangat lancar anti lemot;spesifikasi positif
desainnya emang paling unik dan simpel;general positif
sayangnya produk Iphone ini sangat rentan terjadi lecet sehingga pengguna harus menggunakan case hp;general negatif
pilihan case Iphone X dan Iphone 11 sangat beragam dan mudah ditemukan;general positif
selalu suka dan nyaman banget menggunakan Iphone;general positif
kualitas gambar yang jernih membuat para pengguna tidak pernah kecewa membelinya;kamera positif
iphone X memiliki ukuran layar 5,8 inchi yang membuat pengguna tidak bosan melihatnya;general positif
ukuran kamera depan 7MP dan kamera belakang 12 MP sangat cocok dengan harga yang ditetapkan;kamera positif, harga positif
Iphone X tidak memiliki fitur pemindai sidik jari yang dianggap jauh lebih cepat dan mudah sehingga banyak pengguna yang kecewa;general negatif
desain Iphone X terlihat hambar dan sedikit membosankan;general negatif
sayangnya baterai iphone sangat boros;baterai negatif
hasil pengambilan gambar dan video saat malam hari sangat memuaskan;kamera positif
resolusi gambar dan video yang dihasilkan sangat bagus sehingga ketika di zoom tidak pecah;kamera positif
pilihan warna pada Iphone sangat unik dan tidak membosankan;general positif
Iphone 11 memiliki fitur yang dapat mengatur keburaman latar belakang foto yang dapat menjadikan foto terlihat fokus pada satu objek;kamera positif
bagi pembisnis Iphone 11 sangat cocok karena memiliki performa yang sangat baik;general positif
Iphone 11 memiliki prosesor A13 yang mampu menghemat 40 persen pemakaian daya baterai;baterai positif
pengisian daya pada Iphone 11 super cepat;baterai positif
Iphone 11 Pro tahan air dan dapat bertahan selama 30 menit;general positif
Iphone 11 Pro didesain dengan dimensi layar yang lebih kecil sehingga nyaman untuk digenggam;general positif
Iphone 11 Pro memiliki tingkat kecerahan yang lebih baik;general positif
kamera telefoto dan kamera ultra-wide masih terasa kurang greget;kamera negatif
Iphone 11 Pro tidak menyediakan lubang audio;general negatif
bagus banget nih kamera nya bisa jadi youtuber deh aku;kamera positif
baterai nya awet deh bisa seharian main tiktok;baterai positif
ih senang deh tiada hari tanpa selfie nih gara-gara kamera nya;kamera positif
pantas di kantong nih hp nya jadi gak ribet bawa tas;general positif
ukuran layarnya sedikit kecil agak susah nih mau ngegame;general negatif
fitur-fitur kameranya bikin hasil foto cantik banget deh;kamera positif
IOS nya selalu update yang terbaru nih, jangan takut ketinggalan IOS;spesifikasi positif
walaupun harganya sangat mahal tapi spesifikasinya sangat baik;harga negatif, spesifikasi positif
Iphone memiliki memori internal yang besar sehingga tidak memerlukan memori eksternal;spesifikasi positif
makin banyak nih video tiktok aku karena hasilnya jernih banget;kamera positif
jalan-jalan makin puas nih karena bisa dapatin foto-foto yang bagus;kamera positif
Iphone 11 Pro tidak memiliki RAM yang cukup besar hanya 4GB;spesifikasi negatif
sayangnya ngecas iphone sehari bisa sampai 2 atau 3 kali;baterai negatif
spesifikasi iphone 11 Pro memang sangat baik jadi wajar harganya pun relatif tinggi;spesifikasi positif, harga positif
terkadang kapasitas baterai turun drastis ketika memperbarui IOS;baterai negatif
aplikasi di iphone rata-rata banyak berbayar;general negatif
baterai sangat boros sehingga selalu membawa cas kemana-mana;baterai negatif
kamera nya kadang suka ga bisa fokus;kamera negatif
kecerahan dari kamera kadang suka tidak stabil;kamera negatif
banyak yang komen kamera 3 nya kayak kompor ih;kamera negatif
gaada efek glowingnya nih kamera;kamera negatif
sumpah biasa aja nih kameranya ga ada bagus bagusnya;kamera negatif
hasil foto malam hari ga terlihat bagus;kamera negatif
efeknya gabisa nutupin jerawat nih;kamera negatif
makin kesini kameranya makin aneh ih, jelek;kamera negatif
udah kayak minuman boba aja tu kamera banyak bener;kamera negatif
baru beli, baterai nya awet banget bisa seharian dipakai main tiktok;baterai positif
ga perlu bawa casan kemana mana deh, baterai nya tahan banget;baterai positif
udah pake sekitar 5 bulan, kesehatan baterainya tidak menurun;baterai positif
sumpah ya awet bener seharian gila;baterai positif
ga nyesel sumpah beli iphone, baterai nya bisa nonton youtube seharian;baterai positif
lebih irit baterainya dari varian sebelumnya;baterai positif
ngecas nya ga perlu waktu lama loh;baterai positif
boros banget gila baterainya;baterai negatif
jadi nyesel beli iphone kalau tau baterai nya boros begini;baterai negatif
sumpah ya baru main sejam udah habis aja ini baterai;baterai negatif
baterai nya ga bisa dicopot nih;baterai negatif
ngedit video tiktok cuman bisa 1 nih kalau kayak gini baterainya;baterai negatif
udah kayak air terjun nih baterai cepat banget ngalirnya;baterai negatif
ini hp atau apa dah besar banget ukurannya;general negatif
kalau jatuh keliatan lecetnya karna desainya mengkilap;general negatif
terlalu besar ukurannya jadi susah masuk saku;general negatif
capek juga genggam hp segede ini;general negatif
gila performanya bagus banget, cepat lagi;spesifikasi positif
sumpah ini mah kalau main game anti lemot wkwk sistem operasinya lancar banget;spesifikasi positif
makin kesini kinerja dan sistem operasinya makin baik dah;spesifikasi positif
bisnis aku makin lancar deh kalau perfomanya kayak gini;spesifikasi positif
spesifikasinya gila memuaskan banget, tidak diragukan lagi;spesifikasi positif
sayang ini RAM nya hanya 3GB;spesifikasi negatif
kadang IOS nya suka ngefek ga baik buat aplikasinya;spesifikasi negatif
fitur sidik jari dihapus kan jadi ribet;spesifikasi negatif
sebel banget tombol tengahnya dihilangkan;spesifikasi negatif
ih cuman ada memori internal nih gaada memori eksternalnya;spesifikasi negatif
sebel banget lubang audio nya gaada;spesifikasi negatif
fitur-fiturnya banyak diganti nih jadi agak ribet;spesifikasi negatif
agak kecewa sih RAM nya ga meningkat;spesifikasi negatif
belum 5g nih, masih aja 4g;spesifikasi negatif
dijamin gabakal nyesel deh beli iphone dengan harga segitu;harga positif
wajar sih harga nya segitu karena pemakaiannya dalam jangka lama;harga positif
harga iphone x masih terjangkau kok;harga positif
barang bermerek dengan harga segitu wajar dong;harga positif
ada kualitas ada harga wkwk;harga positif
harga segitu buat iphone mah ga mahal;harga positif
sumpah udah berapa kali beli ga pernah nyesel sama harga segitu;harga positif
ketahanan lama untuk harga segitu wajar banget;harga positif
jual ginjal dulu apa ya buat beli ip 11 pro;harga negatif
nabung berapa tahun ya buat beli ip 11;harga negatif
bikin dompet kering nih beli iphone;harga negatif
sumpah ya mahal banget harganya;harga negatif
udah minder duluan nih lihat harganya;harga negatif
harganya tinggi banget udah deh liat ulasannya aja;harga negatif
ga turun turun nih harganya iphone tetap aja tinggi;harga negatif
mau nangis aja deh liat harganya;harga negatif
Kamera iphone 11 sedikit lebih bagus dibanding pesaingnya dan untuk kualitas hasil jepretannya juga oke;Kamera positif
Ngga suka sekali warna merah buat iphone 11;General negatif
Baterai iphone x dan 11 ngga ada bedanya, sangat boros;Baterai negatif
Sangat lucu yang warna kuning, jadi pengen beli iphone 11;General positif
Dari segi harga emang keduanya sama mahalnya tapi kualitas kamera tetep ip 11 dihati;Harga negatif, kamera positif
Hasil jepretan kamera iphone X biasa aja;Kamera negatif
Spek ip X dan 11 ngga beda jauh, biasa aja ngga terlalu hebat;Spesifikasi negatif
Nyesel buru-buru beli iphone X yang akhirnya spesifikasinya sama aja kayak iphone 11 wkwk;Spesifikasi negatif
Charger iphone dari dulu ngga pernah awet, selalu mudah rusak;Baterai negatif
Daya tahan baterai iphone 11 sedikit lebih baik dibanding ip X;Baterai positif
Ukuran iphone 11 besar banget untuk ditangan, agak kurang nyaman;General negatif
Harga oke lah untuk iphone 11 masih masuk sama isi kantong;Harga positif
Iphone 11 varian warnanya lebih banyak dibanding iphone X, kayaknya beli ip 11 aja deh lebih layak;General positif
Iphone X ngga kalah keren kok sama iphone 11 dari segi kamera dan spesifikasi;Kamera positif, spesifikasi positif
Speaker iphone X kenapa jelek banget ya kayak agak mendelep gitu;General negatif
Hasil video di iphone 11 bagus banget. Suka banget parah;Kamera positif
Kecepatan charging iphone 11 lebih cepat dibanding ip X, padahal casannya sama aja. Tapi okelah...;Baterai positif
Desain kamera iphone 11 kenapa begitu sih, cuma 2 aja tapi dikotakin jadi keliatan aneh;Kamera negatif
Iphone 11 iOS nya terbaru, ngga sabar nunggu keluar. Udah liat previewnya, bagus sangat.;Spesifikasi positif
RAM ip 11 lebih oke 1 Gb dibanding ip X, langsung gas beli;Spesifikasi positif
Coba kamera iphonne 11 buat pertama kali ternyata night mode keren banget hasilnya terang lebih terang dari iphone x;kamera positif
gila night mode iphone 11 ga abis pikir keren abis;kamera positif
pake iphone 11 sekarang ga perlu lagi dong susah-susah cari tempat terang buat poto lo mau poto di tempat segelapa apa juga hasilnya jadi terang wkwk;kamera positif
hari ini mau keluar buat beli sayur sekalian coba kamera hp baru ku dan ternyata hasilnya ga mengecewakan;kamera positif
gambar jepretan ip 11 pro resolusinya ga main-main;kamera positif
pake ip 11 pro backlight selfie bisa jadi bagus;kamera positif
hasil poto kamera ip 11 pro ga kalah sama dslr bro;kamera positif
saya terkesan dengan hasil night mode ip 11;kamera positif
harganya mahal sih tapi ga apa-apa kameranya emang juara;kamera positif, harga negatif
keluar malem pengen coba night mode ip 11 pro hasilnya cakep banget;kamera positif
ternyata kameranya ga sebagus yang orang bilang tuh;kamera negatif
hasil potonya ga sebanding sama harganya;kamera negatif
kalo emang incer hp ip 11 pro cuma buat kameranya sih mending beli dslr sekalian lebih bagus;kamera negatif
selfie kameranya ga bagus buat di tempat gelap;kamera negatif
biasa aja tuh kameranya;kamera negatif
kok gue ga ngerasa ada perbedaan yang signifikan buat kualitas kameranya;kamera negatif
kualitas kameranya ga sebanding harga;kamera negatif
ga wow banget kameranya ah, lebay;kamera negatif
kurang bagus sih kameranya, kalau diliat dari harganya yang mahal ga setimpal banget;kamera negatif, harga negatif
penempatan kameranya bikin jelek, aneh gitu jadinya liatnya;kamera negatif
gila ip 11 beneran fast charging 30 menit doang langsung full tuh;baterai positif
baterai ip 11 paling bagus sih dari ip seris yang lain;baterai positif
baterai nya tahan lama banget nonton video berjam-jam tetap awet;baterai positif
Sudah menggunakan 11 selama 2 bulan sekarang, saya rasa baterainya sangat bagus.;baterai positif
Saya punya kebiasaan untuk mengisi daya ponsel sepanjang malam, dan sejauh ini kesehatan baterai masih 100%.;baterai positif
aku biasa main hp dari jam 9 pagi dan sampai jam 11 malem bahkan baterainya ga habis sampai 50 persen;baterai positif
baterainya awet banget bisa dipake seharian, ga perlu lagi tuh bawa charger kemana-mana;baterai positif
ip 11 baterai than lama sih;baterai positif
waktu isi daya baterainya ip 11 lebih cepet dari ip x;baterai positif
baterainya awet dipake streaming lama lama haha;baterai positif
Apple bilang iPhone 11 iPhone 11 Pro dan iPhone 11 Pro Max memiliki masa pakai baterai sehari tapi tidak juga tuh masa pakai baterai saya kurang dari 24 jam.;baterai negatif
waktu isi daya baterai sampai penuh lama juga;baterai negatif
baterainya masih lebih awet yang ip 8 tuh daripada ip 11;baterai negatif
daya tahan baterainya masih jelek, kalah sama samsung;baterai negatif
aku ga ngerasa baterai hp ip 11 ini lebih awet dari ip seris lain sih, malah lebih boros;baterai negatif
baterainya ga tahan dipakai buat seharian harus isi ulang mulu;baterai negatif
dipake buat nge game ga tahan sih baterainya;baterai negatif
ga kuat sih baterainya kalau dipake seharian;baterai negatif
baterai nya ga kuat dipake lama lama;baterai negatif
cepet abis baterainya;baterai negatif
buat spesifikasinya yang keren banget harga ip 11 masih terjangkau si;harga positif
bole sih harga segitu, emang spesifikasi hp nya bagus juga;harga positif, spesifikasi positif
harganya masuk akal kok ga mahal, ip kan harganya rata-rata memang segitu;harga positif
murah lah segitu mah, secara kan dolar emang mahal di indo;harga positif
ternyata ip 11 murah, kiarain bakal lebih mahal lagi harganya wkwk;harga positif
ga mahal sih menurutku secara ada kualitas ada harga;harga positif
ya murah sih menurut gue, soalnya kan emang barang bermerek jadi ya wajar aja;harga positif
harga iphone 11 murah kok, gue beli ga nyampe 10 juta;harga positif
kirain harganya bakalan mahal banget ternyata engga mahal kok;harga positif
harganya cukup murah untuk ukuran iphone keluaran terbaru;harga positif
gila mahal amat harganya, ga sanggup belinya;harga negatif
harga ip 11 kemahalan, jual ginjal dulu kali ya;harga negatif
hp buat sultan doang ini mah, mahal bener;harga negatif
ga setimapal sih menurut gue harganya, kemahalan kalo cuma buat beli hp doang mending beli laptop sekalian;harga negatif
mahal banget satu hp doang seharga motor;harga negatif
mahal banget harganya, padahal modelnya keliatan lebih murah dari seris yang lain;harga negatif, general negatif
pengen nangis liat harganya;harga negatif
barang bermerek mahal ya;harga negatif
harganya ga masuk akal, bikin nangis;harga negatif
kemahalan sih menurutku, tapi mungkin emang nulai tukar rupiah sama dolar yang bikin tambah mahal;harga negatif
body nya bagus keliatan mewahnya;general positif
layarnya lebar, enak dipake;general positif
pilihan warnanya banyak banget, unik dan lucu lucu;general positif
gemes liat warnanya;general positif
iphone 11 warna kuning lucu;general positif
gue suka sih sama model ip 11 ini, keliatan fresh dan unik;general positif
ip 11 banyak banget pilihan warnanya, bagus semua;general positif
hpnya gede tapi enak sih jadinya liat ke layar;general positif
hpnya ringan ternyata ga berat-berat banget;general positif
ternyata bener anti air guys, gue rendem ga kenapa-kenapa;general positif
layarnya jelek banget, rentan retak meskipun ada pelindung layar.;general negatif
ga ada yang spesial dari design hpnya, ga begitu beda dari series yang lain;general negatif
kualitas speakernya jelek amat, padahal hp mahal;general negatif, harga negatif
layarnya gampang retak, harus pake pelindung sih;general negatif
model hpnya ga unik tuh, modelnya mirip yang seris xr;general negatif
model layarnya sama kaya seris lain, kesannya jadi keliatan jadul padahal keluaran baru;general negatif
modelnya kaya yang murahan;general negatif
layar bezelnya masih tebel kaya seris yang lama, ga enak liatanya;general negatif
dalam kardusnya cuma ada hp sama kabel doang, buat earpodnya harus beli terpisah;general negatif
warnanya jelek, ga keliatan mewah mirip hp murah;general negatif
layarnya udah ips ternyata, jadi lebih enak liatnya;spesifikasi positif
spesifikasinya keren, pake chip a13 yang katanya cpu dan gpu ponsel tercepat;spesifikasi positif
layarnya udah pake teknologi LiquidRetina LCD, jadinya keliatan lebih tajam dan jelas;spesifikasi positif
yang terlihat di layar kaya yang nyata banget, sumpah bagus banget ini spesifikasinya;spesifikasi positif
layarnya lebih sensitif dari seris yang lama, enak banget pakenya;spesifikasi positif
puas banget beli hp ip 11, walaupun mahal tapi spesifikasinya memuaskan;spesifikasi positif, harga negatif
layarnya lebar 6,1 inchi jadi enak di pake nonton dan main game;spesifikasi positif
audionya pake dolby guys, jadi suaranya jernih;spesifikasi positif
kualitas layarnya oke banget, tingkat kecerahannya ga bikin mata sakit walau lama-lama liat layar;spesifikasi positif
gpu nya bagus banget, ngalah grapisnya kenceng;spesifikasi positif
ga ada port buat headset, bikin ribet;spesifikasi negatif
ip 11 fitur pengamannya jelek banget, pengitai jari aja ga ada;spesifikasi negatif
ip 11 belom 5g, susah lagi deh nanti kalau di indo udah pada 5g;spesifikasi negatif
RAM nya ga ada yange lebih gede kah, dikit amat kasihnya, padahal hp mahal;spesifikasi negatif, harga negatif
belum bisa 5g hpnya, padahal harganya ga murah loh;spesifikasi negatif, harga negatif
ga ada radionya wkwk, dari dulu biasa denger radio jadi ga bisa deh gara-gara ganti hp;spesifikasi negatif
memori RAM nya kecil banget, gabisa pake banyak app sekaligus;spesifikasi negatif
layarnya masih pake IPS, ga setajam dan secerah OLED;spesifikasi negatif
tidak mendukung buat pake headset nih, ga ada portnya jadi memang harus beli earpod;spesifikasi negatif
kecewa sih spesifikasinya ga sekeren yang diharapkan;spesifikasi negatif
ganyesel deh beli iphone 11 kameranya bagus banget;kamera positif
iphone xr rada berat deh tapi untuk kameranya ada effect effect glowing gitu;kamera positif, general negatif
ganyesel deh beli iphone 11 kameranya bagus banget;kamera positif
suka banget iphone 11 pro kamera ultra wide nya;kamera positif
resolusinya sih kaya kamera slr;kamera positif
kenapa harus bagus banget nih kamera iphone;kamera positif
kameranya bikin jatuh cinta;kamera positif
natural banget nih kamera;kamera positif
iphone makin keatas makin keren kameranya;kamera positif
beli iphone karena suka kameranya haha;kamera positif
terlalu natural untuk muka ku yang jerawatan;kamera negatif
kameranya tetep tidak bikin muka glowing;kamera negatif
biasa aja asli kameranya;kamera negatif
beli iphone karena kamera doang juga masih banyak kali yang bagus;kamera negatif
jatoh pas dibagian kamera langsung pecah;kamera negatif
kameranya terlalu menonjol jadi kalo taro meja kaya tergesek;kamera negatif
kamera apa yang beda sih kaya sama aja;kamera negatif
terus aja tambah kameranya sampe 5 banyak bener;kamera negatif
biasa aja kameranya;kamera negatif
pori pori keliatan banget pake nih kamera;kamera negatif
kok aku merasa tidak boros ya baterainya iphone xr;baterai positif
cepet banget ke isi sih baterainya keren;baterai positif
wah makin irit ya baterainya;baterai positif
gila ganyangka baterainya cepet ke isi;baterai positif
wah udah pake sekian lama ternyata baterainya ga boros;baterai positif
seneng banget charge sebentar langsung penuh;baterai positif
lebih cepet penuh baterainya daripada iphone dibawah x;baterai positif
ganyangka kirain iphone makin keatas baterainya makin boros ternyata malah irit;baterai positif
salut sama baterai iphone xr cepet terisi dan ga boros;baterai positif
iphone makin canggih dan baterainya pun gabakal dikomen boros lagi haha;baterai positif, general positif
kata orang ga boros tapi kok tetep sih;baterai negatif
siapa yang bilang ga boros tetep boros tau;baterai negatif
kesel banget iphone tuh hp terboros ya soal baterai;baterai negatif
rasanya pingin baterai seirit nokia tapi hp tetep iphone haha boros banget sih asli iphone;baterai negatif
terimakasih baterai iphone membuat saya harus membawa charger terus;baterai negatif
sehari bisa berapa kali charge boros parah;baterai negatif
sudah setahun kirain bakal irit ternyata makin boros baterainya;baterai negatif
fitur bagus, warna lucunya menggiurkan tapi baterai yang harus dipikirkan ketahanannya;baterai negatif, general positif
menurut ku sih ya, udah harga mahal baterai boros lengkap sudah;baterai negatif, harga negatif
harusnya kalau makin canggih, baterai juga dong daya tahan nya lebih lama;baterai negatif
iphone berguna bagi kalangan remaja ya;general positif
fitur iphone selalu bikin ketagihan huaaa pgn beli iphone 11;general positif
lucu banget warna warnanya iphone 11 series;general positif
semenjak pake iphone 11 pro teman teman ku selalu meminjam untuk foto foto;general positif
bingung banget mau pilih warna apa bagus semua;general positif
yaAllah beri aku rejeki untuk membeli iphone 11 series pingin warna midnight keren banget;general positif
iphone 11 series warna ungu nya lucu banget;general positif
warna ungu ataupun yang midnight sama sama bagus, tapi jujur midnight lebih keren;general positif
kalo udah pake iphone 11 berasa mewah banget deh haha;general positif
buat nonton enak sih layarnya makin gede;general positif
rentan banget nih lamalama iphone gampang retak jatoh sekali;general negatif
kecewa lebih suka fitur sidik jari daripada face id;general negatif, spesifikasi negatif
makin gede aja iphone ditangan ye;general negatif
layarnya gampang retak;general negatif
kalo udah jatoh rentan banget retak;general negatif
mau pake pelindung juga tetep retak;general negatif
model nya makin gede;general negatif
kamera makin banyak, model nya itu aja;general negatif, kamera negatif
tolong modelnya bikin tangan gabisa pegang, gede banget;general negatif
sebel banget jatoh langsung lecet pinggirannya;general negatif
menurut ku sih sesuai ya harga dengan spesifikasinya;harga positif, spesifikasi positif
okelah harga segitu buat spesifikasi yang keren gini;harga positif, spesifikasi positif
kata orang mahal, tapi menurut ku ya ada harga ada kualitas;harga positif
iphone xr ga semahal apa yang gue kira haha;harga positif
wajar lah harga segitu, kalo buat wanita kamera nya hey keren banget;harga positif, kamera positif
iphone xr ga mahal kok, aku beli kayanya ga sampe 10 juta bahkan 9 juta kurang;harga positif
iphone 11 masih murah sih segitu mah;harga positif
saya yang sudah lama menjadi iphone user, saat mengetahui harga iphone 11 ya normal emang segitu kan;harga positif
ga kaget sih liat harganya, sesuai lah gila sama spec nya;harga positif, spesifikasi positif
menurut saya wajar aja harga segitu buat iphone x series ataupun 11 series, karena target pasar nya iphone memang segitu;harga positif
jual ginjal ini mah iphone 11 series mahal ya;harga negatif
harga terjangkau buat yang kaya haha;harga negatif
menguras dompet banget ya harganya;harga negatif
bikin minder harganya;harga negatif
gabisa lebih mahal lagi woy iphone 11? mau beli tapi gila banget harganya;harga negatif
kenapa sih diatas 10 juta mulu harganya;harga negatif
udah canggih, harga ga canggih eh maksudnya mahal banget asli;harga negatif, general positif
wah aku kaget melihat harganya, rasa ingin menjadi sultan seketika biar bisa beli;harga negatif
mahal banget, letak murah nya dari segi apa sih buat yang bilang harganya murah;harga negatif
mana yang bilang harga nya murah, mahal banget woy gabisa liat ya;harga negatif
spesifikasinya bagus tapi harga bikin kantong kering terimakasih;spesifikasi positif, harga negatif
layarnya lebar banget jadi kalo main game enak;spesifikasi positif
jelas banget sih ini layarnya mulus banget dan jernih banget kalo lagi nonton kaya lagi nonton bioskop;spesifikasi positif
suara jernih banget sih, kalo dengerin lagu kaya bass nya kerasa banget keren;spesifikasi positif
keren banget bisa mode gelap gitu;spesifikasi positif
sistem operasinya tidak diragukan lagi, jadi ga lemot kalo main game;spesifikasi positif
spesifikasi nya lancar sih kalo lagi menjalankan usaha online;spesifikasi positif
aku kira spesifikasinya bakal sama terus, ternyata ada aja yang bikin seneng buat punya iphone ini;spesifikasi positif
gapernah kerasa lemot buka tutup antar aplikasi;spesifikasi positif
gapernah ragu sama spesifikasinya;spesifikasi positif
masa udah gabisa pake headset yang colok, harus airpods bluetooth;spesifikasi negatif
iphone x series ataupun 11 series udah face id terus, padahal masih suka sidik jari;spesifikasi negatif
selalu berasa kurang woy pake ram nya, langsung penuh padahal kaya baru dikit install aplikasi nya;spesifikasi negatif
jadi aneh ketika udah gaada tombol tengah nya;spesifikasi negatif
kemana woy lubang headset nya;spesifikasi negatif
gini deh kalo memori cuman internal doang, langsung penuh;spesifikasi negatif
harga makin mahal, harusnya mendukung 5g biar nanti kalo indonesia udah masuk 5g kan ga perlu ganti hp terus;spesifikasi negatif, harga negatif
spesifikasi nya biasa aja, belum bikin wah;spesifikasi negatif
harusnya fitur makin bertambah, malah ada yang dikurangin dan diganti malah jadi gimana gitu;spesifikasi negatif
memori RAM nya sih yang bikin maju mundur buat beli, merasa kurang;spesifikasi negatif
suka banget ih sama kameranya iphone x bagus banget aku jadi glowing glowing manja gitu;kamera positif
iphone 11 bagus sih kameranya cocok banget buat gua kalo mau hunting foto;kamera positif
iphone x cuma 2716 mAh tapi harganya sampe 10 juta lebih gak cocok banget sih;baterai negatif, harga negatif
RAM 3 GB doang nyesel beli iphone x gak bisa dipake buat main CODM;spesifikasi negatif
kalo gua sih tim iphone lah, bentuknya bagus aestetik, kameranya juga bagus gak kayak sumsang;general positif, kamera positif
denger denger sumsang sering meledak, ya iyalah kualitas sumsang mah gak ada apa apanya dibanding iphone x lebih bagus diliat dari segala aspek juga;general positif
semenjak pake iphone 11 gaya dikit langsung cekrek, kameranya emang terbaik sih ini;kamera positif
haha iya sih iphone kameranya emang terbaik tapi gak suka sama baterainya yang cepet abis;kamera positif, baterai negatif
gila sih gak nyangka banget aku dibeliin iphone 11 sama bebeb warnanya ungu gitu lagi kan lucu suka deh;general positif
kalo diliat dari spesifikasinya yang bagus gini mah harganya masih normal sih, terbaik lah iphone 11;spesifikasi positif, harga positif
dulu sebelum pake iphone gak pernah masuk fyp di tiktok, sekarang pake iphone langsung fyp emang kameranya bagus bisa memunculkan kecantikan sejati aku;kamera positif
kurang suka sama iphone soalnya harganya mahal walaupun spesifikasinya bagus;harga negatif, spesifikasi positif
guys kalo kalian mau tau saya ngerekam pake kamera apa saya itu cuma pake kamera dari iphone 11 guys, beli deh kameranya bagus banget;kamera positif
masih bahas tentang iphone nih, kenapa gua suka banget iphone karena baterainya itu awet bagus banget guys cocok buat yang suka main hp seharian;baterai positif
halah anak iphone apa sih bagusnya iphone gue gak suka kameranya jelek, gak suka harganya mahal, gak suka bentuknya jelek ngikutin samsung, gak suka baterainya juga jelek, spesifikasinya apalagi duh gak suka deh;kamera negatif, harga negatif, general negatif, baterai negatif, spesifikasi negatif
iphone speakernya jelek ah gak suka kresek kresek gitu;general negatif
apaan nih iphone ih benci banget sama hp kayak gini masa chargernya baru sebulan udah rusak;baterai negatif
itu mah lu aja yang gak bisa ngerawat bro iphone gua chargernya bagus tuh malah awet juga;baterai positif
iphone hp berkelas, kameranya terbaik suka banget deh banyak juga youtuber yang pake iphone;kamera positif
kamera iphone tu bagus banget coy belom pernah kan lu berasa ganteng di foto haha;kamera positif
kamera iphone terbaik gak kayak samsung cuih;kamera positif
menurut gue iphone itu harganya lumayan mahal sih dan gak sesuai sama spesifikasinya yang kurang bagus;harga negatif, spesifikasi negatif
Layarnya terlalu kecil terus kameranya juga kurang bagus, gagal jadi artis tiktok deh ini mah dasar iphone;general negatif, kamera negatif
bun iphone harganya seperti bajingan;harga negatif
iphone baterainya sekarat iphone baterainya sekarat, mati lebih cepat mati lebih cepat;baterai negatif
terbaring tersentak tertawa tertawa dengan air mata mengingat bodohnya harga iphone dan kita yang masih saja beli;harga negatif
iphone beranjak bangkrut spesifikasi jauh dari seharusnya bagai bintang yang jatuh mati lebih cepat;spesifikasi negatif
speaker iphone menggonggong bak suara anjing bangsat;general negatif
bun aku masih tak mengerti iphone harga mahalnya berenang di kepala;harga negatif
aku masih ada sampai di sini pakai iphone susah setengah mati UI UX nya gak bisa diganti apa ah;general negatif
aku masih ada sampai di sini pakai iphone lemot setengah mati spesifikasinya parah banget dah;spesifikasi negatif
kau memang hp sedikit fitur bolehkah aku banting aja iphone kampret;general negatif
kau memang hp tak kasat rasa masang harga mahal gila iphone gak ngotak;harga negatif
tadi pagi aku masih menangis pada iphone yang harganya mahal naudzubillah;harga negatif
katanya mimpiku kan terwujud tapi fitur iphone itu mimpi buruk;general negatif
sempat berpikir masih bermimpi bertahun berlanjut pakai iphone warna mu yang memudar saksinya akhirnya aku ganti aja jelek amat sih ini iphone;general negatif
Lah ini RAM segini doang seriusan iphone nih jelek banget mending advan dah;spesifikasi negatif
iphone harga doang mahal jemput cewe depan gang;harga negatif
seriusan nih gak ada memori eksternalnya ya ampun hp macam apa ini buruk sekali;spesifikasi negatif
iphone 11 ni hp apa dumbell sih gua pake tiga hari bicep gua gede berat amat ah jelek;general negatif
ukurannya kegedan coy gak bisa masuk saku jelek banget dah ni hp;general negatif
hp jaman sekarang mah harusnya ada pemindai sidik jarinya lah ini iphone kok gak ada jelek banget dah;spesifikasi negatif
sekarang jamannya 5g boss iphone masa belom 5g sih kuno cacat;spesifikasi negatif
port buat headset gak ada di iphone jelek banget dah mending balik pake walkman;spesifikasi negatif
iphone kameranya penuh kepalsuan penipu munafik calon penghuni neraka bakar aja ni hp;kamera negatif
iphone gak cocok buat foto jarak dekat jadi fotonya harus dari jauh udah kayak hubungan kita yang jauh;kamera negatif
pada lebay banget sih sama kamera iphone padahal gitu doang biasa aja malah menurut gue kurang;kamera negatif
iphone kameranya gak bagus di tempat gelap gan;kamera negatif
iphone 11 bagus nih lucu warnanya;general positif
bagus sih lucu juga warnanya iphone 11;general positif
lucu banget bagus suka sama warna iphone 11;general positif
bentuknya bagus suka sama bentuk iphone;general positif
speaker nya mantap coy suaranya jernih keren iphone;general positif
layarnya jernih cocok buat nonton anime pake iphone;general positif
suka deh sama warna iphone x;general positif
termasuk murah sih harga iphone mah sesuai sama kualitas;harga positif
kualitas bagus harganya ya sesuai lah untuk iphone;harga positif
bagi gua sih iphone murah ya kualitas juga oke jadi harganya pas lah;harga positif
harga iphone emang udah paling pas;harga positif
murah kok harganya cuma nabung 3 bulan juga udah kebeli iphone;harga positif
kualitas oke harga juga pas mantap iphone;harga positif
cari hp berkualitas dan harga terjangkau ya iphone;harga positif
ayo buruan beli iphone mumpung harganya murah haha;harga positif
pas kok harga sama kualitas kalo untuk iphone;harga positif
ram bagus cpu bagus iphone mantap;spesifikasi positif
cpu bagus nih iphone;spesifikasi positif
iphone spesifikasinya bagus sih enak pakenya;spesifikasi positif
butuh spek bagus buat hp ya iphone;spesifikasi positif
mau hp spek bagus ya jelas iphone;spesifikasi positif
spesifikasi iphone bagus banget terbaik;spesifikasi positif
hp yang speknya bagus ya iphone lah;spesifikasi positif
iphone speknya lebih bagus daripada samsung;spesifikasi positif
iphone speknya bagus gak kayak hp lain;spesifikasi positif
kamera iphone burem mending dslr;kamera negatif
kamera iphone susah fokus jelek ah;kamera negatif
beli iphone karena kameranya tapi ternyata bikin kecewa;kamera negatif
kamera iphone mah jelek;kamera negatif
bagus baterai nya awet nih iphone;baterai positif
baterainya awet kok bagus juga iphone;baterai positif
baterai iphone awet kayak baterai abc;baterai positif
baterai bisa seharian kok bagus iphone;baterai positif
baterai terbaik ya iphone;baterai positif
baterai bagus dan awet ya cuma iphone;baterai positif
baterai awet nan bagus emang iphone doang sih;baterai positif
iphone emang baterainya terbaik sih;baterai positif
iphone baterai ampas cepet abis;baterai negatif
iphone baterainya kayak tai;baterai negatif
baterai iphone kayak anjing;baterai negatif
baterai iphone bangsat anjing tai babi;baterai negatif
baterai iphone boros bangsat;baterai negatif
ukurannya ideal banget jadi enak pas digenggam;general positif
cakep banget warna hp nya;general positif
layar nya enak dan nyaman buat nonton film atau youtube;general positif
buat main oke banget sih desainnya;general positif
desain iphone 11 ini emang bagus banget pantes banyak peminat;general positif
warna hitam nya cool banget;general positif
bisa dibilang iphone 11 ini ideal banget dari desain dan fitur nya;general positif
pilihan warna nya sangat menarik sampai bingung memilihnya;general positif
desain nya premium banget saya suka;general positif
bentuknya desainnya bagus banget simpel tapi keren;general positif
hp nya lumayan berat jadi gak bisa main permainan terlalu lama;general negatif
masalah iphone 11 tuh hp nya agak berat ya;general negatif
agak kurang sih menurut saya layar nya;general negatif
menurut saya kegedean sih layarnya;general negatif
ukurannya gede jadi gak bisa masuk saku;general negatif
menyesal beli iphone 11 sebab super berat untuk tangan saya;general negatif
desain hp nya mengkilap jadi gampang keliatan kalau ada lecet;general negatif
poni di atas layar mengganggu banget;general negatif
lebih suka android dah daripada iphone;general negatif
iphone tuh terlalu eksklusif jadi susah nyambung kemanamana ga kaya android;general negatif
wajar sih harga segini karena emang bagus banget;harga positif
gak menyesal beli iphone dengan harga segitu;harga positif
harganya wajar itung itung investasi;harga positif
asli emang bener hp ini sesuai dengan harganya mantap emang;harga positif
harga nya setimpal untuk pemakaian jangka lama;harga positif
iPhone X kini jauh lebih murah;harga positif
harga iphone x sudah lebih terjangkau;harga positif
gue tiap tahun beli iphone tapi isi dompet gue masih aman ko;harga positif
puas banget sih harga segini apalagi dipake buat bisnis ga lemot;harga positif
menurut gue harga iphone tuh sesuai sama kualitasnya;harga positif
harganya lumayan mahal sih untuk rakyat jelata kaya aku;harga negatif
emang mahal sih hp dengan harga segini;harga negatif
harganya masih tetap mahal walaupun varian termurah;harga negatif
ga sanggup beli iphone 11 cuma bisa liat ulasannya aja;harga negatif
nabung satu abad baru bisa beli iphone 11;harga negatif
harga iphone x sulit diterima akal;harga negatif
iphone 11 masih kemahalan banget padahal kualitasnya gak jauh beda sama iphone x;harga negatif
harganya mahal bikin ciut untuk membeli;harga negatif
salah satu kelemahannya adalah harganya yang sangat mahal;harga negatif
kapan lagi coba gua jual ginjal demi boba alias iphone11;harga negatif
speknya mantap banget main pubg ga lemot;spesifikasi positif
sistem operasinya bagus banget;spesifikasi positif
speknya bagus jadi enak banget buat main game dan buat kerja;spesifikasi positif
suka banget ios pasti premium kualitasnya;spesifikasi positif
puas banget sistem operasinya lebih kencang dan bebas hambatan;spesifikasi positif
operasinya lancar banget membantu bisnis saya;spesifikasi positif
sistem operasi nya nyaman banget dipake dan ga lemot;spesifikasi positif
selalu lancar jaya dan nyaman banget gak pernah lemot;spesifikasi positif
performa iphone x mumpuni banget gak usah diragukan lagi;spesifikasi positif
spesifikasi iphone x lebih unggul dari segi performa;spesifikasi positif
kecewa karena gak ada pemindai sidik jari;spesifikasi negatif
RAM kecil banget kapasitasnya;spesifikasi negatif
ya sayangnya kaga ada memori eksternal;spesifikasi negatif
kecewa banget beberapa fitur dihilangkan oleh iphone;spesifikasi negatif
kenapa kalo mau upgrade storage di icloud harus bayar;spesifikasi negatif
gaada tempat buat sd card ga kaya android;spesifikasi negatif
ribet banget harus pake splitter soalnya gabisa charge dan dengerin lagu secara bersamaan;spesifikasi negatif
kenapa sih pemindai sidik jarinya diilangin padahal hari gini kan pake masker mulu jadi ribet kalo pake pemindai wajah;spesifikasi negatif
sumpah ya kenapa iphone tuh ukuran RAM nya segede semut;spesifikasi negatif
tibatiba disuruh install aplikasi absen sama sekolah tapi di iphone gabisa soalnya ram nya kecil;spesifikasi negatif
kamera nya cepet banget autofokus keren banget deh;kamera positif
hasil fotonya lebih bagus daripada versi sebelumnya;kamera positif
keren deh kamera nya walaupun minim cahaya tetep memuaskan banget hasil fotonya terang dan jelas;kamera positif
Wow bisa bikin video keren pake kamera depan;kamera positif
hasil foto pake kamera iphone 11 bagus banget kaya pake kamera dslr;kamera positif
kamera nya keren abis;kamera positif
buat foto jarak jauh mantap banget ga burem sama sekali;kamera positif
kalo soal kamera gak usah ragu lagi sama iphone;kamera positif
hasil foto udah kaya pake kamera level profesional;kamera positif
kameranya super bagus hasilnya kaya dilihat pake mata langsung;kamera positif
kalo mau foto jarak dekat kurang bagus nih lensa kamera nya;kamera negatif
banyak yang ngeluh bentuk kamera nya kaya minuman bubble milk tea;kamera negatif
ribet dah kalo selfie pake iphone harus pake filter soalnya hasilnya terlalu realistis jadi gue keliatan jeleknya;kamera negatif
gampang lecet kamera nya;kamera negatif
kamera ip11 tuh hasil fotonya tuh warnanya jadi lebih kuning gitu aneh;kamera negatif
hasil foto iphone 11 kurang bagus kalo gak ada cahaya matahari;kamera negatif
bagusan kamera samsung kemanamana daripada iphone x;kamera negatif
kamera swafoto iphone 11 kurang mantap nih autofokusnya;kamera negatif
tingkat eksposur kamera ip11 kurang sempurna dibandingkan samsung s10;kamera negatif
kalo foto didalem ruangan hasilnya kurang mantap nih;kamera negatif
mantap deh baterai nya lebih hemat dari versi sebelumnya;baterai positif
pas awal pake tuh baterai hemat banget bisa tahan seharian;baterai positif
baterainya tahan lama banget;baterai positif
baterai iphone 11 gue masih aman ko walaupun dipake sepuluh jam nonton video;baterai positif
lumayan awet sih baterenya dipake main pubg berjam jam;baterai positif
gue tepuk tangan sih batere nya ada peningkatan dibanding versi sebelumnya;baterai positif
baterenya ga seburuk kata orangorang ko asal elu pakenya jangan jorok aja;baterai positif
enaknya ip11 tuh pas charge lumayan cepet penuh nya;baterai positif
kalo charge nya pake charger iphone yang sesuai mah pasti cepet penuh koo baterenya;baterai positif
baterenya awet sih ga cepet kembung gitu;baterai positif
sumpah ya charge hp lama banget keburu gajah bertelur;baterai negatif
lama banget bisa naik haji dulu kali yaa nunggu baterai penuh;baterai negatif
makin lama dipake makin cepet habis baterainya;baterai negatif
menurut aku baterai nya kurang awet;baterai negatif
pengisian baterai hp tergolong lama;baterai negatif
baterai nya ga bisa dicopot;baterai negatif
satu hal yang agak mengecewakan adalah baterainya yang kurang awet;baterai negatif
batere iphone tuh jelek banget;baterai negatif
batere iphone ga seawet samsung apalagi sekarang covid sering main hp jadi boros banget;baterai negatif
ga awet bgt dah kalo gue pake iphone bisa dua sampe tiga kali charger dalam sehari;baterai negatif
wah bagus ini handphone pantas aja banyak yang nungguin;general positif
ga sia sia nungguin banget ip11 rilis keren bgt ternyata;general positif
ukurannya ideal ya ga kegedean;general positif
pilihan warnanya gemes gemes banget;general positif
mewah yang ga lebay gitu nih ip11 asik;general positif
I'm so in love with this phone;general positif
so good for gaming;general positif
saatnya beralih ke ip11, bye handphone lama;general positif
setelah baca baca review nya, hm lumayan juga jadi tertarik nih buat beli;general positif
suka banget sama yang warna hijau, harus punya;general positif
ga suka ah mending beli merk lain aja;general negatif
desainnya masih sama aja kaya yg sebelum sebelumnya bosan;general negatif
kurang suka sama desain nya, masih kegedean, kenapa ga lebih slim;general negatif
buat apasih make iphone, sistem operasinya ribet apalagi buat yg ga biasa pakai;general negatif
upgradenya ga terlalu banyak sih dibanding produk sebelumnya, ga terllau worth sih ya sepertinya;general negatif
yaampun ip11 ga ada charger ga ada earphone nya dong, hft banget;general negatif
kenapa charger dan earphonenya ga include sih, percuma aja spesifikasi mantep, tapi part yg cukup pentingnya ga ada;general negatif
ga pernah tertarik buat beli iphone deh sampai sekarang;general negatif
ip11 biasa aja sih menurut gue, kenapa pada bilang waw banget ya;general negatif
belum minat buat beli nih iphone 11, masih jelek menurut gue;general negatif
harganya affordabe banget buat experience yg luar biasa;harga positif
harganya okelah ya buat spesifikasi kaya gini;harga positif
terjangkau sih menurut gue harganya iphone 11 ini, sesuai sama spec;harga positif
ada harga ada rupa ya coi, bagus sih ini produknya worth it buat harga segitu;harga positif
harga ip11 sesuai lah ya dengan kemampuan yang handphone ini bisa tunjukkan;harga positif
harganya ga mahal kok utnuk kualitas sebagus ini, kalo ada yg bilang mahal emang lu aja yg ga mampu beli;harga positif
wah harganya cuma segitu? buat kualitas seperti ini? super worth it;harga positif
ini hitungannya harganya masih murah sih untuk produk sebagus ini;harga positif
iphone11, harganya sesuai kok sama spesifikasi dan produknya;harga positif
harganya sesuai sama apa yang bakalan kita dapat, ga nyesel gais;harga positif
Mahal banget sih ini ip11 buat produk kaya begini doang, masih banyak yg lebih murah;harga negatif
ga worth it banget harganya;harga negatif
buat apasih beli iphone mahal mahal, masih banyak produk yg lain yg lebih murah tapi tetap bagus;harga negatif
ini sih terlalu mahal buat handphone doang;harga negatif
ga minat buat beli nih ip11 apalagi harganya selangit;harga negatif
kenapa sih harga produk apple tuh mahal mahal banget;harga negatif
harganya ga affordable, sorry apple;harga negatif
apa harganya gabisa lebih murah ya, sebagus apasih sampai harganya segitu banget;harga negatif
terlalu mahal ini harganya, ga bisa lebih murah apa iphone11;harga negatif
mending beli produk lain yang harganya lebih terjangkau tapi kualitasnya ga kalah jauh;harga negatif
keren juga nih ip11 pake ios terbaru;spesifikasi positif
spesifikasinya asik nyaman buat dipake ngegame;spesifikasi positif
chipset yang ada di ip11 ini bikin performanya jauh lebih enteng dibanding iphone sebelum-sebelumnya;spesifikasi positif
apple processor is better than any android out there;spesifikasi positif
wahh mantap nih spesifikasinya iphone 11;spesifikasi positif
ga heran sih nih iphone11 mantap, toh iosnya make yang terbaru;spesifikasi positif
spesifikasi iphone11 mantap banget bisa dipake buat nyelam dengan aman;spesifikasi positif
suka banget sama spesifikasinya ga nyesel beli;spesifikasi positif
performanya jadi makin mantap dengan penggunaan ios terbaru didalam produk ip11 ini;spesifikasi positif
belum ada yang bisa nandingin processor yang dipunya apple;spesifikasi positif
pilihan ram nya dikit banget, harusnya bisa lebih bervariasi;spesifikasi negatif
kenapa ram nya cuma 4gb pengen yang lebih;spesifikasi negatif
spesifikasinya masih kurang sih kalo menurut gue apalagi harganya juga mahal;spesifikasi negatif
masa ga ada fitur NFC nya sih percuma aja harga mahal tapi ga punya fitur yang lagi tren;spesifikasi negatif
belum support 5g masih jelek;spesifikasi negatif
spesifikasinya ga beda jauh sama produk sebelumnya masih biasa aja cenderung jelek;spesifikasi negatif
belum ada fitur buat usb type c huh masih jelek;spesifikasi negatif
masih bnayak yang kurang nih spesifikasinya, belum terlalu oke;spesifikasi negatif
apple ga up to date, masa belum support 5g sih;spesifikasi negatif
yah masih 4g coy, gausah dibeli lah, masih jelek;spesifikasi negatif
wah ancur bgt nih ip11 kameranya auto mulus;kamera positif
suka banget hasil pengambilan kameranya;kamera positif
fitur autofokusnya cakep banget cuy;kamera positif
ip11 ini kameranya aku suka banget, hasilnya bagus;kamera positif
satu satunya alasan gue cinta bgt sama ip11 kameranya waw amazing;kamera positif
fitur night mode nya lumayan bgt dipake buat jepret jepret malem malem;kamera positif
hasil fotonya bagus banget sih, mendukung keestetikan gue;kamera positif
kameranya oke, dipake buat foto dan video bagus;kamera positif
semenjak pake ip11 makin suka selfie deh kameranya bagus haha;kamera positif
ga salah beli nih, kameranya gue suka;kamera positif
jelek banget fitur night mode kamera nya banyak noise;kamera negatif
kameranya jelek kalo mau ngezoom pecah;kamera negatif
ga worth it sih kameranya, mendingan beli produk lain;kamera negatif
kameranya kurang banyak, ga memuaskan;kamera negatif
ah iphone 11 kameranya kurang baik dibanding yg lain;kamera negatif
kamera nya ga terlalu bagus sih, kalo dipake buat moto malam hasilnya jelek;kamera negatif
masih banyak produk lain yang kameranya lebih bagus dari ip11 nih, ga worth sih;kamera negatif
kameranya kalo dipake buat foto indoor dgn pencahayaan yg kurang bad banget sih;kamera negatif
noise banget asli kalo dipake foto indoor malem malem, jelek;kamera negatif
kameranya masih jelek, masih banyak handphone murah yang kameranya good;kamera negatif
the battery is good cukup bertahan;baterai positif
lumayan kuat sih yang ini baterainya untuk intensitas pemakaian yang cukup tinggi;baterai positif
aman sih ini baterainya, apalagi ada teknologi wireless charge;baterai positif
chipsetnya mantap banget jadi bikin iphone 11 hemat baterai;baterai positif
iphone11 ini menggunakan chipset terkuat dan tercepat jadi sangat hemat baterai;baterai positif
buat iphone 11 ini apple udah mengembangkan teknologi khusus yang bisa menekan pengonsumsian baterai jadi sepertinya jauh lebih hemat dari produk sebelumnya;baterai positif
ip11 ini punya teknologi yang bisa menekan penggunaan daya sistem jadi walaupun kapasitasnya sedikit baterainya cukup tahan lama lho;baterai positif
dibandingkan produk sebelumnya, produk apple yang ini baterai nya cukup tahan;baterai positif
akhirnya apple ngembangin teknologi yang bikin baterainya lebih hemat;baterai positif
udah coba pake handphone ini seharian tanpa ngecharge waw juga sama kemampuan konsumsi dayanya yg lebih kecil;baterai positif
boros banget baterainya, masa kudu ngecas berkali kali sih;baterai negatif
harus banget bawa powerbank kemana mana ini mah, baterainya ga oke;baterai negatif
kenapa sih iphone tuh baterainya ga pernah bertahan lama;baterai negatif
baterai nya boros, ga cocok buat orang yang pekerjaannya banyak menggunakan handphone;baterai negatif
ngecharge nya butuh watu lama ini iphone 11;baterai negatif
ga keren banget masa charger bawaannya belum fast charging;baterai negatif
yaelah belum fast charging, lama nih kalo ngecharge pake charger bawaan, masa kudu beli charger yg lain lagi sih;baterai negatif
butuh waku lama buat ngecharge kalo pake charger bawaan, daya nya masih kecil;baterai negatif
udah mahal begini masa chargernya blm fast charging sih, kecewa dah;baterai negatif
kapasitas baterainya masih kalah dibanding produk lain yang lebih murah;baterai negatif
