aspect;subaspect
baterai;mah
baterai;kapasitas
baterai;daya
baterai;charge
baterai;charger
baterai;baterai
baterai;baterainya
baterai;cas
baterai;casnya
baterai;chargeran
baterai;chargerannya
baterai;chargernya
baterai;casan
baterai;daya muat
baterai;daya
baterai;kapabilitas
baterai;kapasitas
baterai;kesanggupan
general;warna
general;layar
general;ukuran
general;speaker
general;desain
general;case
general;casing
general;warnanya
general;layarnya
general;ukurannya
general;audio
general;desainnya
general;desainya
general;monitor
general;bentuk
general;rangka
general;reka bentuk
general;corak
general;figur
general;motif
general;pola
general;arsitektur
general;bentuk
general;formasi
general;komposisi
general;konstruksi
harga;harga
harga;biaya
harga;harganya
harga;mahal
harga;murah
harga;nilai
harga;dana
harga;ongkos
harga;pengeluaran
harga;mahal
harga;murah
harga;nilai
harga;taksiran
harga;anggaran
harga;bayaran
harga;dana
harga;imbalan
kamera;foto
kamera;gambar
kamera;video
kamera;resolusi
kamera;kamera
kamera;kameranya
kamera;fotonya
kamera;gambarnya
kamera;videonya
kamera;resolusinya
kamera;mp
kamera;pixel
kamera;film
kamera;fotograf
kamera;gambar
kamera;potret
kamera;film
kamera;gambar
kamera;alat potret
spesifikasi;ios
spesifikasi;sistem operasi
spesifikasi;ram
spesifikasi;cpu
spesifikasi;memori
spesifikasi;sistem
spesifikasi;processor
harga;bayar
spesifikasi;prosessor
spesifikasi;chipset
spesifikasi;spek
spesifikasi;chip
spesifikasi;performa
general;speakernya
kamera;angle
spesifikasi;speknya
spesifikasi;spesifikasi
spesifikasi;spesifikasinya
